concept	observed_path	source	nxdl_path	definition	files
cdifsas:backgroundintensity	/data/blank	legacy:aps-usaxs	NXsas:	NXsas	APS-USAXS-pinSAXS.hdf5
cdifsas:beamcenterx	/instrument/detector/beam_center_x	crosswalk	NXsas:/ENTRY:NXentry/INSTRUMENT:NXinstrument/DETECTOR:NXdetector/beam_center_x	NXsas	APS-USAXS-pinSAXS.hdf5 | NXsas-autogenerated.hdf5
cdifsas:beamcentery	/instrument/detector/beam_center_y	crosswalk	NXsas:/ENTRY:NXentry/INSTRUMENT:NXinstrument/DETECTOR:NXdetector/beam_center_y	NXsas	APS-USAXS-pinSAXS.hdf5 | NXsas-autogenerated.hdf5
cdifsas:collimationlength	/instrument/collimator/geometry/shape/size	crosswalk	NXsas:/ENTRY:NXentry/INSTRUMENT:NXinstrument/COLLIMATOR:NXcollimator/GEOMETRY:NXgeometry/SHAPE:NXshape/size	NXsas	NXsas-autogenerated.hdf5
cdifsas:collimationlength	/instrument/collimator/geometry/shape/size_x	legacy:aps-usaxs	NXsas:/ENTRY:NXentry/INSTRUMENT:NXinstrument/COLLIMATOR:NXcollimator/GEOMETRY:NXgeometry/SHAPE:NXshape/size	NXsas	APS-USAXS-pinSAXS.hdf5
cdifsas:collimatorshape	/instrument/collimator/geometry/shape/shape	crosswalk	NXsas:/ENTRY:NXentry/INSTRUMENT:NXinstrument/COLLIMATOR:NXcollimator/GEOMETRY:NXgeometry/SHAPE:NXshape/shape	NXsas	APS-USAXS-pinSAXS.hdf5 | NXsas-autogenerated.hdf5
cdifsas:detectoraequatorialangle	/instrument/detector/aequatorial_angle	crosswalk	NXsas:/ENTRY:NXentry/INSTRUMENT:NXinstrument/DETECTOR:NXdetector/aequatorial_angle	NXsas	NXsas-autogenerated.hdf5
cdifsas:detectorazimuthalangle	/instrument/detector/azimuthal_angle	crosswalk	NXsas:/ENTRY:NXentry/INSTRUMENT:NXinstrument/DETECTOR:NXdetector/azimuthal_angle	NXsas	NXsas-autogenerated.hdf5
cdifsas:detectordistance	/instrument/detector/distance	crosswalk	NXsas:/ENTRY:NXentry/INSTRUMENT:NXinstrument/DETECTOR:NXdetector/distance	NXsas	APS-USAXS-pinSAXS.hdf5 | NXsas-autogenerated.hdf5
cdifsas:detectorhorizontal	/data/horizontal	legacy:aps-usaxs	NXsas:	NXsas	APS-USAXS-pinSAXS.hdf5
cdifsas:detectorpolarangle	/instrument/detector/polar_angle	crosswalk	NXsas:/ENTRY:NXentry/INSTRUMENT:NXinstrument/DETECTOR:NXdetector/polar_angle	NXsas	NXsas-autogenerated.hdf5
cdifsas:detectorrotationangle	/instrument/detector/rotation_angle	crosswalk	NXsas:/ENTRY:NXentry/INSTRUMENT:NXinstrument/DETECTOR:NXdetector/rotation_angle	NXsas	NXsas-autogenerated.hdf5
cdifsas:detectorvertical	/data/vertical	legacy:aps-usaxs	NXsas:	NXsas	APS-USAXS-pinSAXS.hdf5
cdifsas:monitorintegral	/control/integral	crosswalk	NXmonitor:/integral	NXsas	NXsas-autogenerated.hdf5
cdifsas:monitorintegral	/instrument/control/integral	crosswalk	NXmonitor:/integral	NXsas	APS-USAXS-pinSAXS.hdf5
cdifsas:monitormode	/control/mode	crosswalk	NXmonitor:/mode	NXsas	NXsas-autogenerated.hdf5
cdifsas:monitormode	/instrument/control/mode	crosswalk	NXmonitor:/mode	NXsas	APS-USAXS-pinSAXS.hdf5
cdifsas:monitorpreset	/control/preset	crosswalk	NXmonitor:/preset	NXsas	NXsas-autogenerated.hdf5
cdifsas:monitorpreset	/instrument/control/preset	crosswalk	NXmonitor:/preset	NXsas	APS-USAXS-pinSAXS.hdf5
cdifsas:sampleaequatorialangle	/sample/aequatorial_angle	crosswalk	NXsample:/aequatorial_angle	NXsas	NXsas-autogenerated.hdf5
cdifsas:samplename	/instrument/sample/name	crosswalk	NXsample:/name	NXsas	APS-USAXS-pinSAXS.hdf5
cdifsas:samplename	/sample/name	crosswalk	NXsample:/name	NXsas	NXsas-autogenerated.hdf5
cdifsas:scatteringintensity	/data/data	crosswalk	NXsas:/ENTRY:NXentry/DATA:NXdata/data | NXsas:/ENTRY:NXentry/INSTRUMENT:NXinstrument/DETECTOR:NXdetector/data	NXsas	NXsas-autogenerated.hdf5
cdifsas:scatteringintensity	/data/frames	legacy:aps-usaxs	NXsas:/ENTRY:NXentry/DATA:NXdata/data | NXsas:/ENTRY:NXentry/INSTRUMENT:NXinstrument/DETECTOR:NXdetector/data	NXsas	APS-USAXS-pinSAXS.hdf5
cdifsas:smallanglescatteringmode	/definition	crosswalk	NXsas:	NXsas	APS-USAXS-pinSAXS.hdf5 | NXsas-autogenerated.hdf5
cdifsas:wavelength	/instrument/monochromator/wavelength	crosswalk	NXmonochromator:/wavelength	NXsas	APS-USAXS-pinSAXS.hdf5 | NXsas-autogenerated.hdf5
cdifsas:wavelengthspread	/instrument/monochromator/wavelength_spread	crosswalk	NXmonochromator:/wavelength_spread	NXsas	APS-USAXS-pinSAXS.hdf5 | NXsas-autogenerated.hdf5
cdifsas:xpixelsize	/instrument/detector/x_pixel_size	crosswalk	NXsas:/ENTRY:NXentry/INSTRUMENT:NXinstrument/DETECTOR:NXdetector/x_pixel_size	NXsas	APS-USAXS-pinSAXS.hdf5 | NXsas-autogenerated.hdf5
cdifsas:ypixelsize	/instrument/detector/y_pixel_size	crosswalk	NXsas:/ENTRY:NXentry/INSTRUMENT:NXinstrument/DETECTOR:NXdetector/y_pixel_size	NXsas	APS-USAXS-pinSAXS.hdf5 | NXsas-autogenerated.hdf5
cdifxas:absorptioncoefficient	/data/mutrans	legacy:gsecars-athena	NXxas_trans:/ENTRY:NXentry/intensity	NXxas	FeXAS.nxs | cu_metal_rt.nxs
cdifxas:beamline	/instrument/name	crosswalk	NXinstrument:/name	NXsas	APS-USAXS-pinSAXS.hdf5 | NXsas-autogenerated.hdf5
cdifxas:beamline	/instrument/source/beamline_name	legacy:gsecars-athena	NXinstrument:/name	NXxas	FeXAS.nxs | cu_metal_10K.nxs | cu_metal_rt.nxs
cdifxas:dspacing	/instrument/monochromator/crystal/d_spacing	crosswalk	NXxas_trans:/ENTRY:NXentry/INSTRUMENT:NXinstrument/monochromator:NXmonochromator/crystal:NXcrystal/d_spacing	NXxas	FeXAS.nxs | cu_metal_10K.nxs | cu_metal_rt.nxs
cdifxas:edgeanalyzed	/scan/xrayedge/edge	legacy:gsecars-athena	NXabsorption_edge:/name	NXxas	FeXAS.nxs | cu_metal_rt.nxs
cdifxas:edgeenergy	/scan/edge_energy	legacy:gsecars-athena	NXabsorption_edge:/energy	NXxas	FeXAS.nxs | cu_metal_rt.nxs
cdifxas:elementanalyzed	/scan/xrayedge/element	legacy:gsecars-athena	NXxas:/ENTRY:NXentry/element:NXelement/name	NXxas	FeXAS.nxs | cu_metal_rt.nxs
cdifxas:facility	/instrument/source/name	crosswalk	NXsource:/name	NXmx | NXsas | NXtomo | NXxas	APS-USAXS-pinSAXS.hdf5 | FeXAS.nxs | NXmx-Therm_6_2.nxs | NXsas-autogenerated.hdf5 | NXtomo-autogenerated.hdf5 | cu_metal_10K.nxs | cu_metal_rt.nxs
cdifxas:fluorescenceabsorptioncoefficient	/data/mufluor	legacy:gsecars-athena	NXxas_tfy:/ENTRY:NXentry/intensity	NXxas	FeXAS.nxs
cdifxas:fluorescenceintensity	/instrument/ifluor/data	crosswalk	NXxas_herfd:/ENTRY:NXentry/INSTRUMENT:NXinstrument/ifluor:NXdetector/data | NXxas_pfy:/ENTRY:NXentry/INSTRUMENT:NXinstrument/ifluor:NXdetector/data | NXxas_tfy:/ENTRY:NXentry/INSTRUMENT:NXinstrument/ifluor:NXdetector/data	NXxas	FeXAS.nxs
cdifxas:incidentintensity	/instrument/I0/data	crosswalk	NXxas_herfd:/ENTRY:NXentry/INSTRUMENT:NXinstrument/i0:NXdetector/data | NXxas_pey:/ENTRY:NXentry/INSTRUMENT:NXinstrument/i0:NXdetector/data | NXxas_pfy:/ENTRY:NXentry/INSTRUMENT:NXinstrument/i0:NXdetector/data | NXxas_tey:/ENTRY:NXentry/INSTRUMENT:NXinstrument/i0:NXdetector/data | NXxas_tfy:/ENTRY:NXentry/INSTRUMENT:NXinstrument/i0:NXdetector/data | NXxas_trans:/ENTRY:NXentry/INSTRUMENT:NXinstrument/i0:NXdetector/data	NXxas	NXxas-manual-sketch.hdf5
cdifxas:incidentintensity	/instrument/i0/data	crosswalk	NXxas_herfd:/ENTRY:NXentry/INSTRUMENT:NXinstrument/i0:NXdetector/data | NXxas_pey:/ENTRY:NXentry/INSTRUMENT:NXinstrument/i0:NXdetector/data | NXxas_pfy:/ENTRY:NXentry/INSTRUMENT:NXinstrument/i0:NXdetector/data | NXxas_tey:/ENTRY:NXentry/INSTRUMENT:NXinstrument/i0:NXdetector/data | NXxas_tfy:/ENTRY:NXentry/INSTRUMENT:NXinstrument/i0:NXdetector/data | NXxas_trans:/ENTRY:NXentry/INSTRUMENT:NXinstrument/i0:NXdetector/data	NXxas	FeXAS.nxs | cu_metal_rt.nxs
cdifxas:monochromatorchemicalformula	/instrument/monochromator/crystal/chemical_formula	crosswalk	NXcrystal:/chemical_formula	NXxas	FeXAS.nxs | cu_metal_10K.nxs | cu_metal_rt.nxs
cdifxas:monochromatorenergy	/instrument/monochromator/energy	crosswalk	NXxas_trans:/ENTRY:NXentry/INSTRUMENT:NXinstrument/monochromator:NXmonochromator/energy	NXxas	FeXAS.nxs | cu_metal_10K.nxs | cu_metal_rt.nxs
cdifxas:probe	/instrument/source/probe	crosswalk	NXsource:/probe	NXsas | NXtomo | NXxas	APS-USAXS-pinSAXS.hdf5 | FeXAS.nxs | NXsas-autogenerated.hdf5 | NXtomo-autogenerated.hdf5 | cu_metal_10K.nxs | cu_metal_rt.nxs
cdifxas:reflectionplane	/instrument/monochromator/crystal/reflection	crosswalk	NXxas_trans:/ENTRY:NXentry/INSTRUMENT:NXinstrument/monochromator:NXmonochromator/crystal:NXcrystal/reflection	NXxas	FeXAS.nxs | cu_metal_10K.nxs | cu_metal_rt.nxs
cdifxas:temperature	/sample/temperature	crosswalk	NXsample:/temperature	NXxas	NXxas-manual-sketch.hdf5
cdifxas:transmittedintensity	/instrument/itrans/data	crosswalk	NXxas_trans:/ENTRY:NXentry/INSTRUMENT:NXinstrument/itrans:NXdetector/data	NXxas	FeXAS.nxs | cu_metal_rt.nxs
cdifxas:xasmeasurementmode	/data/mode	legacy:gsecars-athena	NXxas_herfd: | NXxas_pey: | NXxas_pfy: | NXxas_tey: | NXxas_tfy: | NXxas_trans:	NXxas	FeXAS.nxs | cu_metal_rt.nxs
cdifxas:xraysourcetype	/instrument/source/type	crosswalk	NXsource:/type	NXmx | NXsas | NXtomo | NXxas	APS-USAXS-pinSAXS.hdf5 | FeXAS.nxs | NXmx-Therm_6_2.nxs | NXsas-autogenerated.hdf5 | NXtomo-autogenerated.hdf5 | cu_metal_10K.nxs | cu_metal_rt.nxs
